house_id,area_sqft,bedrooms,bathrooms,age_years,distance_city_km,parking_spaces,location,price_usd
H001,1106,2,1,15,7.5,2,2,332000
H002,2883,4,2,2,1.9,1,2,729000
H003,3115,4,3,34,13.2,1,0,587000
H004,676,1,1,21,9.1,1,1,124000
H005,1029,3,3,22,25.6,2,1,257000
H006,827,2,2,24,3.3,1,0,186000
H007,2131,3,3,2,20.2,1,2,550000
H008,1603,3,1,17,14.1,1,2,385000
H009,2105,3,2,4,18.7,1,0,434000
H010,1652,3,1,24,8.8,2,0,333000
H011,1549,3,3,14,24.8,1,1,323000
H012,921,1,1,13,20.0,1,0,127000
H013,1235,3,2,15,22.6,2,1,299000
H014,3044,5,3,23,7.4,1,0,644000
H015,1022,2,2,9,19.2,2,1,254000
H016,910,2,1,29,16.3,2,2,243000
H017,1119,3,2,7,9.5,1,1,273000
H018,1728,3,3,19,25.4,2,0,307000
H019,1276,3,2,34,28.7,2,2,288000
H020,1977,4,4,7,27.9,1,2,468000
H021,1636,3,3,31,24.7,2,2,356000
H022,2596,4,3,33,26.3,1,2,558000
H023,1473,3,1,23,13.7,2,1,302000
H024,1665,3,3,21,1.6,2,2,484000
H025,1552,2,2,3,7.6,0,1,341000
H026,2755,4,3,31,7.2,1,0,585000
H027,2988,5,4,30,24.4,1,2,645000
H028,2415,5,3,26,14.5,2,2,614000
H029,1053,2,1,21,24.2,0,2,202000
H030,1429,3,2,27,6.3,1,2,407000
H031,958,2,2,3,19.9,2,2,262000
H032,1618,3,1,31,15.0,1,2,346000
H033,2202,3,1,16,27.9,1,1,412000
H034,2926,5,4,12,9.6,0,0,653000
H035,2870,4,3,3,2.5,1,0,669000
H036,2825,4,4,32,3.3,1,2,693000
H037,928,1,1,7,28.3,2,2,222000
H038,3085,4,4,26,20.1,2,0,602000
H039,1718,3,2,15,8.7,1,0,369000
H040,1878,4,3,4,1.3,2,0,451000
H041,950,1,1,8,28.1,0,2,188000
H042,1817,3,1,34,21.4,2,0,303000
H043,682,2,2,8,8.7,0,0,154000
H044,1286,3,2,13,21.8,1,0,250000
H045,1731,4,3,3,3.7,1,1,447000
H046,664,2,1,16,5.7,1,0,154000
H047,2401,4,4,4,28.4,2,2,594000
H048,797,2,1,27,4.7,1,1,220000
H049,813,2,1,15,20.3,1,0,148000
H050,2314,4,3,10,29.3,1,1,459000
H051,1384,3,1,15,8.7,2,2,378000
H052,808,2,1,12,24.7,1,1,146000
H053,1582,2,2,12,12.6,1,2,417000
H054,1793,4,2,34,10.6,0,2,454000
H055,1719,3,2,2,4.1,1,1,458000
H056,1934,4,4,24,27.1,1,1,386000
H057,2436,4,3,23,13.5,2,1,560000
H058,1935,3,2,32,10.0,1,1,404000
H059,1861,3,2,26,20.3,1,0,346000
H060,1362,3,1,35,25.2,1,1,217000
H061,2410,5,3,28,13.8,1,0,496000
H062,1345,2,1,32,20.3,2,1,221000
H063,1612,4,3,12,5.3,0,2,465000
H064,3153,4,2,26,26.7,2,2,682000
H065,2222,4,2,15,5.3,2,2,610000
H066,1086,3,2,11,24.3,2,0,210000
H067,855,1,1,29,4.9,1,0,139000
H068,2939,5,3,32,13.4,2,1,673000
H069,1301,3,1,16,22.8,2,1,296000
H070,2785,5,4,17,13.8,2,1,641000
H071,1762,4,3,34,3.3,1,2,465000
H072,1275,2,2,26,12.8,2,1,278000
H073,905,1,1,24,27.2,2,0,70000
H074,3008,5,3,0,28.3,1,1,681000
H075,2366,4,2,14,8.9,1,2,582000
H076,2026,4,3,29,27.7,2,0,344000
H077,2263,3,3,27,4.9,1,2,526000
H078,1715,4,3,13,14.2,1,1,408000
H079,2376,5,4,30,1.6,2,2,633000
H080,1568,2,2,1,28.5,1,2,374000
H081,1274,2,1,30,20.4,2,2,281000
H082,1699,4,3,7,23.6,1,1,374000
H083,3020,4,3,24,12.5,2,2,678000
H084,3075,4,4,19,25.7,2,2,717000
H085,2968,4,3,34,13.4,1,2,664000
H086,2047,3,1,31,4.1,1,0,418000
H087,2533,4,2,11,22.3,2,1,557000
H088,2854,5,3,27,24.9,2,1,592000
H089,1655,3,2,28,8.1,1,0,334000
H090,2202,4,4,31,25.7,1,1,438000
H091,2103,4,3,17,26.5,2,1,463000
H092,691,1,1,15,21.9,1,0,94000
H093,1634,4,2,28,24.0,0,1,305000
H094,2306,4,3,23,14.7,2,1,519000
H095,2904,5,4,29,8.9,1,2,682000
H096,1438,3,3,34,28.6,2,2,306000
H097,1536,3,2,33,18.3,0,2,328000
H098,1581,3,2,19,1.4,2,2,438000
H099,836,1,1,8,19.5,1,2,239000
H100,700,2,1,30,13.8,1,2,170000
H101,2606,4,4,25,15.3,2,0,555000
H102,869,1,1,19,3.5,1,2,256000
H103,2354,4,2,28,27.3,1,0,408000
H104,1900,3,3,13,19.1,1,0,350000
H105,1293,2,1,35,3.2,0,1,260000
H106,3082,5,4,2,7.7,2,1,773000
H107,2509,4,3,16,23.8,2,0,511000
H108,1460,3,3,34,7.5,1,1,362000
H109,1232,2,2,10,24.0,2,0,245000
H110,2981,5,3,7,14.6,1,0,633000
H111,1765,4,2,5,18.3,1,0,362000
H112,3122,5,4,5,7.6,2,0,723000
H113,734,2,2,11,14.6,2,1,190000
H114,1393,3,1,5,14.6,1,1,318000
H115,1078,2,1,26,21.1,1,0,143000
H116,2903,4,2,5,10.1,1,2,718000
H117,2305,4,2,26,2.6,2,1,551000
H118,2691,5,4,13,8.7,1,1,648000
H119,2635,4,4,15,21.6,1,0,502000
H120,2912,5,4,14,29.8,0,1,587000
H121,1280,3,2,32,21.5,1,1,250000
H122,1648,4,3,24,6.5,2,0,398000
H123,1209,2,1,26,10.9,2,1,285000
H124,660,2,1,31,26.1,1,0,70000
H125,2063,4,2,29,28.1,1,0,337000
H126,2992,5,4,26,2.3,2,1,731000
H127,2211,4,3,31,29.0,1,0,395000
H128,2009,3,1,6,16.3,1,2,496000
H129,1240,3,2,4,14.6,1,1,325000
H130,2278,3,2,34,12.0,1,0,433000
H131,2648,4,4,15,19.3,1,2,650000
H132,1020,3,3,6,13.9,2,1,328000
H133,768,1,1,3,9.5,1,1,175000
H134,1650,4,3,10,6.1,2,1,461000
H135,1636,4,3,14,14.4,1,1,389000
H136,688,2,1,34,5.6,1,1,164000
H137,1875,4,3,29,25.5,1,1,410000
H138,2629,4,3,24,17.6,2,1,586000
H139,1859,3,1,17,1.2,2,0,375000
H140,3133,5,4,14,18.6,1,2,755000
H141,1428,3,2,6,27.2,2,2,353000
H142,2455,4,3,8,3.6,1,1,618000
H143,2351,4,3,8,23.8,1,0,473000
H144,1766,3,2,30,29.1,1,0,301000
H145,2037,3,1,4,5.1,1,0,451000
H146,2277,4,4,25,1.4,2,2,614000
H147,2159,4,2,23,4.1,1,1,474000
H148,3187,5,4,4,19.4,1,0,668000
H149,2322,4,3,2,28.4,1,1,484000
H150,1048,2,1,24,14.2,2,0,195000
H151,2862,5,4,26,20.0,1,0,573000
H152,1795,3,2,13,13.9,1,1,380000
H153,2154,4,4,25,9.0,0,1,474000
H154,1518,2,2,21,8.1,1,0,277000
H155,931,1,1,14,10.5,1,0,128000
H156,1785,3,2,34,8.3,1,2,440000
H157,755,1,1,22,23.9,1,0,70000
H158,714,1,1,3,4.7,1,0,133000
H159,910,2,1,23,15.9,0,1,174000
H160,1557,2,1,29,19.7,0,2,314000
H161,2295,4,4,31,21.7,1,2,558000
H162,980,2,1,4,4.7,2,0,241000
H163,2896,5,3,33,9.6,2,0,600000
H164,1056,2,1,27,14.1,1,1,201000
H165,2507,5,3,6,10.1,1,0,551000
H166,2183,3,1,4,3.6,0,2,541000
H167,1045,3,2,35,2.7,2,0,219000
H168,1150,3,2,27,26.2,2,2,265000
H169,3109,5,4,6,17.8,1,2,768000
H170,2625,4,4,22,25.5,1,2,614000
H171,1791,3,1,35,29.3,2,0,281000
H172,2930,4,3,1,6.2,2,1,696000
H173,2087,3,2,9,17.4,1,2,478000
H174,775,1,1,24,13.2,1,2,186000
H175,1926,4,4,3,5.5,2,2,589000
H176,984,2,1,27,15.1,1,1,180000
H177,1532,2,1,27,4.2,2,0,304000
H178,2643,5,4,14,12.5,2,2,654000
H179,1487,3,2,8,23.2,1,1,303000
H180,681,2,1,11,4.7,2,0,150000
H181,2699,5,4,25,26.0,0,1,533000
H182,2533,4,3,27,17.6,2,0,499000
H183,1835,3,1,1,29.0,1,0,325000
H184,2132,3,1,6,8.1,2,1,499000
H185,972,2,1,21,7.4,1,2,274000
H186,1117,2,1,22,22.1,2,2,246000
H187,1071,2,1,12,6.0,1,0,194000
H188,1375,3,1,28,20.8,2,0,241000
H189,1973,4,3,28,3.0,1,0,421000
H190,1775,3,2,32,3.2,1,1,372000
H191,883,2,1,4,19.7,0,0,152000
H192,2726,5,3,35,28.7,2,2,595000
H193,2991,4,3,30,15.5,0,1,586000
H194,2056,3,2,2,8.2,1,1,494000
H195,2791,4,3,23,27.6,1,1,578000
H196,2035,3,2,4,10.6,2,0,437000
H197,1813,4,3,21,3.4,2,2,508000
H198,1920,4,3,5,10.0,1,0,462000
H199,1995,3,3,27,15.7,0,1,401000
H200,1388,2,1,31,6.6,1,2,307000
