house_id,area_sqft,actual_price_usd,predicted_price_usd,residual
H001,1106.0,332000.0,240191.65,91808.35
H002,2883.0,729000.0,644004.27,84995.72999999998
H003,3115.0,587000.0,696724.88,-109724.88
H004,676.0,124000.0,142476.73,-18476.73000000001
H005,1029.0,257000.0,222693.86,34306.140000000014
H006,827.0,186000.0,176790.57,9209.429999999993
H007,2131.0,550000.0,473116.77,76883.22999999998
H008,1603.0,385000.0,353131.93,31868.070000000007
H009,2105.0,434000.0,467208.43,-33208.42999999999
H010,1652.0,333000.0,364266.89,-31266.890000000014
H011,1549.0,323000.0,340860.75,-17860.75
H012,921.0,127000.0,198151.51,-71151.51000000001
H013,1235.0,299000.0,269506.13,29493.869999999995
H014,3044.0,644000.0,680590.56,-36590.560000000056
H015,1022.0,254000.0,221103.16,32896.84
H016,910.0,243000.0,195651.83,47348.17000000001
H017,1119.0,273000.0,243145.83,29854.170000000013
H018,1728.0,307000.0,381537.43,-74537.43
H019,1276.0,288000.0,278823.14,9176.859999999986
H020,1977.0,468000.0,438121.19,29878.809999999998
H021,1636.0,356000.0,360630.98,-4630.979999999981
H022,2596.0,558000.0,578785.24,-20785.23999999999
H023,1473.0,302000.0,323590.21,-21590.21000000002
H024,1665.0,484000.0,367221.06,116778.94
H025,1552.0,341000.0,341542.48,-542.4799999999814
H026,2755.0,585000.0,614917.04,-29917.040000000037
H027,2988.0,645000.0,667864.89,-22864.890000000014
H028,2415.0,614000.0,537654.07,76345.93000000005
H029,1053.0,202000.0,228147.72,-26147.72
H030,1429.0,407000.0,313591.47,93408.53000000003
H031,958.0,262000.0,206559.54,55440.45999999999
H032,1618.0,346000.0,356540.59,-10540.590000000026
H033,2202.0,412000.0,489251.09,-77251.09000000003
H034,2926.0,653000.0,653775.76,-775.7600000000093
H035,2870.0,669000.0,641050.1,27949.900000000023
H036,2825.0,693000.0,630824.12,62175.880000000005
H037,928.0,222000.0,199742.22,22257.78
H038,3085.0,602000.0,689907.56,-87907.56000000006
H039,1718.0,369000.0,379264.99,-10264.98999999999
H040,1878.0,451000.0,415624.03,35375.96999999997
H041,950.0,188000.0,204741.59,-16741.589999999997
H042,1817.0,303000.0,401762.15,-98762.15000000002
H043,682.0,154000.0,143840.19,10159.809999999998
H044,1286.0,250000.0,281095.58,-31095.580000000016
H045,1731.0,447000.0,382219.16,64780.840000000026
H046,664.0,154000.0,139749.8,14250.200000000012
H047,2401.0,594000.0,534472.65,59527.34999999998
H048,797.0,220000.0,169973.25,50026.75
H049,813.0,148000.0,173609.16,-25609.160000000003
H050,2314.0,459000.0,514702.42,-55702.419999999984
H051,1384.0,378000.0,303365.49,74634.51000000001
H052,808.0,146000.0,172472.94,-26472.940000000002
H053,1582.0,417000.0,348359.8,68640.20000000001
H054,1793.0,454000.0,396308.29,57691.71000000002
H055,1719.0,458000.0,379492.24,78507.76000000001
H056,1934.0,386000.0,428349.7,-42349.70000000001
H057,2436.0,560000.0,542426.19,17573.810000000056
H058,1935.0,404000.0,428576.94,-24576.940000000002
H059,1861.0,346000.0,411760.89,-65760.89000000001
H060,1362.0,217000.0,298366.12,-81366.12
H061,2410.0,496000.0,536517.85,-40517.84999999998
H062,1345.0,221000.0,294502.97,-73502.96999999997
H063,1612.0,465000.0,355177.13,109822.87
H064,3153.0,682000.0,705360.15,-23360.150000000023
H065,2222.0,610000.0,493795.98,116204.02000000002
H066,1086.0,210000.0,235646.77,-25646.76999999999
H067,855.0,139000.0,183153.4,-44153.399999999994
H068,2939.0,673000.0,656729.93,16270.069999999949
H069,1301.0,296000.0,284504.24,11495.76000000001
H070,2785.0,641000.0,621734.36,19265.640000000014
H071,1762.0,465000.0,389263.73,75736.27000000002
H072,1275.0,278000.0,278595.89,-595.890000000014
H073,905.0,70000.0,194515.61,-124515.60999999999
H074,3008.0,681000.0,672409.77,8590.229999999981
H075,2366.0,582000.0,526519.11,55480.890000000014
H076,2026.0,344000.0,449256.15,-105256.15000000002
H077,2263.0,526000.0,503112.98,22887.02000000002
H078,1715.0,408000.0,378583.26,29416.73999999999
H079,2376.0,633000.0,528791.55,104208.44999999995
H080,1568.0,374000.0,345178.39,28821.609999999986
H081,1274.0,281000.0,278368.65,2631.3499999999767
H082,1699.0,374000.0,374947.35,-947.3499999999767
H083,3020.0,678000.0,675136.7,2863.3000000000466
H084,3075.0,717000.0,687635.12,29364.880000000005
H085,2968.0,664000.0,663320.01,679.9899999999907
H086,2047.0,418000.0,454028.27,-36028.27000000002
H087,2533.0,557000.0,564468.86,-7468.859999999986
H088,2854.0,592000.0,637414.19,-45414.189999999944
H089,1655.0,334000.0,364948.62,-30948.619999999995
H090,2202.0,438000.0,489251.09,-51251.090000000026
H091,2103.0,463000.0,466753.94,-3753.9400000000023
H092,691.0,94000.0,145885.39,-51885.390000000014
H093,1634.0,305000.0,360176.49,-55176.48999999999
H094,2306.0,519000.0,512884.47,6115.530000000028
H095,2904.0,682000.0,648776.39,33223.609999999986
H096,1438.0,306000.0,315636.67,-9636.669999999984
H097,1536.0,328000.0,337906.58,-9906.580000000016
H098,1581.0,438000.0,348132.56,89867.44
H099,836.0,239000.0,178835.77,60164.23000000001
H100,700.0,170000.0,147930.58,22069.420000000013
H101,2606.0,555000.0,581057.68,-26057.68000000005
H102,869.0,256000.0,186334.82,69665.18
H103,2354.0,408000.0,523792.19,-115792.19
H104,1900.0,350000.0,420623.4,-70623.40000000002
H105,1293.0,260000.0,282686.28,-22686.280000000028
H106,3082.0,773000.0,689225.83,83774.17000000004
H107,2509.0,511000.0,559015.01,-48015.01000000001
H108,1460.0,362000.0,320636.03,41363.96999999997
H109,1232.0,245000.0,268824.4,-23824.400000000023
H110,2981.0,633000.0,666274.18,-33274.18000000005
H111,1765.0,362000.0,389945.46,-27945.46000000002
H112,3122.0,723000.0,698315.59,24684.410000000033
H113,734.0,190000.0,155656.88,34343.119999999995
H114,1393.0,318000.0,305410.69,12589.309999999998
H115,1078.0,143000.0,233828.82,-90828.82
H116,2903.0,718000.0,648549.15,69450.84999999998
H117,2305.0,551000.0,512657.23,38342.77000000002
H118,2691.0,648000.0,600373.42,47626.57999999996
H119,2635.0,502000.0,587647.75,-85647.75
H120,2912.0,587000.0,650594.35,-63594.34999999998
H121,1280.0,250000.0,279732.11,-29732.109999999986
H122,1648.0,398000.0,363357.91,34642.090000000026
H123,1209.0,285000.0,263597.79,21402.21000000002
H124,660.0,70000.0,138840.82,-68840.82
H125,2063.0,337000.0,457664.18,-120664.18
H126,2992.0,731000.0,668773.87,62226.130000000005
H127,2211.0,395000.0,491296.29,-96296.28999999998
H128,2009.0,496000.0,445393.0,50607.0
H129,1240.0,325000.0,270642.35,54357.65000000002
H130,2278.0,433000.0,506521.64,-73521.64000000001
H131,2648.0,650000.0,590601.93,59398.06999999995
H132,1020.0,328000.0,220648.67,107351.32999999999
H133,768.0,175000.0,163383.18,11616.820000000007
H134,1650.0,461000.0,363812.4,97187.59999999998
H135,1636.0,389000.0,360630.98,28369.02000000002
H136,688.0,164000.0,145203.65,18796.350000000006
H137,1875.0,410000.0,414942.3,-4942.299999999988
H138,2629.0,586000.0,586284.29,-284.29000000003725
H139,1859.0,375000.0,411306.4,-36306.40000000002
H140,3133.0,755000.0,700815.27,54184.72999999998
H141,1428.0,353000.0,313364.23,39635.77000000002
H142,2455.0,618000.0,546743.83,71256.17000000004
H143,2351.0,473000.0,523110.45,-50110.45000000001
H144,1766.0,301000.0,390172.7,-89172.70000000001
H145,2037.0,451000.0,451755.83,-755.8300000000163
H146,2277.0,614000.0,506294.4,107705.59999999998
H147,2159.0,474000.0,479479.6,-5479.599999999977
H148,3187.0,668000.0,713086.45,-45086.44999999995
H149,2322.0,484000.0,516520.38,-32520.380000000005
H150,1048.0,195000.0,227011.5,-32011.5
H151,2862.0,573000.0,639232.15,-66232.15000000002
H152,1795.0,380000.0,396762.78,-16762.780000000028
H153,2154.0,474000.0,478343.38,-4343.380000000005
H154,1518.0,277000.0,333816.19,-56816.19
H155,931.0,128000.0,200423.95,-72423.95000000001
H156,1785.0,440000.0,394490.34,45509.659999999974
H157,755.0,70000.0,160429.0,-90429.0
H158,714.0,133000.0,151112.0,-18112.0
H159,910.0,174000.0,195651.83,-21651.829999999987
H160,1557.0,314000.0,342678.7,-28678.70000000001
H161,2295.0,558000.0,510384.79,47615.21000000002
H162,980.0,241000.0,211558.91,29441.089999999997
H163,2896.0,600000.0,646958.44,-46958.439999999944
H164,1056.0,201000.0,228829.45,-27829.45000000001
H165,2507.0,551000.0,558560.52,-7560.520000000019
H166,2183.0,541000.0,484933.46,56066.53999999998
H167,1045.0,219000.0,226329.77,-7329.7699999999895
H168,1150.0,265000.0,250190.39,14809.609999999986
H169,3109.0,768000.0,695361.42,72638.57999999996
H170,2625.0,614000.0,585375.31,28624.689999999944
H171,1791.0,281000.0,395853.8,-114853.79999999999
H172,2930.0,696000.0,654684.74,41315.26000000001
H173,2087.0,478000.0,463118.03,14881.969999999972
H174,775.0,186000.0,164973.88,21026.119999999995
H175,1926.0,589000.0,426531.75,162468.25
H176,984.0,180000.0,212467.88,-32467.880000000005
H177,1532.0,304000.0,336997.6,-32997.59999999998
H178,2643.0,654000.0,589465.71,64534.29000000004
H179,1487.0,303000.0,326771.62,-23771.619999999995
H180,681.0,150000.0,143612.95,6387.049999999988
H181,2699.0,533000.0,602191.37,-69191.37
H182,2533.0,499000.0,564468.86,-65468.859999999986
H183,1835.0,325000.0,405852.54,-80852.53999999998
H184,2132.0,499000.0,473344.01,25655.98999999999
H185,972.0,274000.0,209740.95,64259.04999999999
H186,1117.0,246000.0,242691.34,3308.6600000000035
H187,1071.0,194000.0,232238.11,-38238.109999999986
H188,1375.0,241000.0,301320.29,-60320.28999999998
H189,1973.0,421000.0,437212.22,-16212.219999999972
H190,1775.0,372000.0,392217.9,-20217.900000000023
H191,883.0,152000.0,189516.24,-37516.23999999999
H192,2726.0,595000.0,608326.96,-13326.959999999963
H193,2991.0,586000.0,668546.62,-82546.62
H194,2056.0,494000.0,456073.47,37926.53000000003
H195,2791.0,578000.0,623097.82,-45097.81999999995
H196,2035.0,437000.0,451301.34,-14301.340000000026
H197,1813.0,508000.0,400853.17,107146.83000000002
H198,1920.0,462000.0,425168.28,36831.71999999997
H199,1995.0,401000.0,442211.58,-41211.580000000016
H200,1388.0,307000.0,304274.47,2725.530000000028
