house_id,area_sqft,actual_price_usd,predicted_price_usd
H001,1106.0,332000.0,240191.65
H002,2883.0,729000.0,644004.27
H003,3115.0,587000.0,696724.88
H004,676.0,124000.0,142476.73
H005,1029.0,257000.0,222693.86
H006,827.0,186000.0,176790.57
H007,2131.0,550000.0,473116.77
H008,1603.0,385000.0,353131.93
H009,2105.0,434000.0,467208.43
H010,1652.0,333000.0,364266.89
H011,1549.0,323000.0,340860.75
H012,921.0,127000.0,198151.51
H013,1235.0,299000.0,269506.13
H014,3044.0,644000.0,680590.56
H015,1022.0,254000.0,221103.16
H016,910.0,243000.0,195651.83
H017,1119.0,273000.0,243145.83
H018,1728.0,307000.0,381537.43
H019,1276.0,288000.0,278823.14
H020,1977.0,468000.0,438121.19
H021,1636.0,356000.0,360630.98
H022,2596.0,558000.0,578785.24
H023,1473.0,302000.0,323590.21
H024,1665.0,484000.0,367221.06
H025,1552.0,341000.0,341542.48
H026,2755.0,585000.0,614917.04
H027,2988.0,645000.0,667864.89
H028,2415.0,614000.0,537654.07
H029,1053.0,202000.0,228147.72
H030,1429.0,407000.0,313591.47
H031,958.0,262000.0,206559.54
H032,1618.0,346000.0,356540.59
H033,2202.0,412000.0,489251.09
H034,2926.0,653000.0,653775.76
H035,2870.0,669000.0,641050.1
H036,2825.0,693000.0,630824.12
H037,928.0,222000.0,199742.22
H038,3085.0,602000.0,689907.56
H039,1718.0,369000.0,379264.99
H040,1878.0,451000.0,415624.03
H041,950.0,188000.0,204741.59
H042,1817.0,303000.0,401762.15
H043,682.0,154000.0,143840.19
H044,1286.0,250000.0,281095.58
H045,1731.0,447000.0,382219.16
H046,664.0,154000.0,139749.8
H047,2401.0,594000.0,534472.65
H048,797.0,220000.0,169973.25
H049,813.0,148000.0,173609.16
H050,2314.0,459000.0,514702.42
H051,1384.0,378000.0,303365.49
H052,808.0,146000.0,172472.94
H053,1582.0,417000.0,348359.8
H054,1793.0,454000.0,396308.29
H055,1719.0,458000.0,379492.24
H056,1934.0,386000.0,428349.7
H057,2436.0,560000.0,542426.19
H058,1935.0,404000.0,428576.94
H059,1861.0,346000.0,411760.89
H060,1362.0,217000.0,298366.12
H061,2410.0,496000.0,536517.85
H062,1345.0,221000.0,294502.97
H063,1612.0,465000.0,355177.13
H064,3153.0,682000.0,705360.15
H065,2222.0,610000.0,493795.98
H066,1086.0,210000.0,235646.77
H067,855.0,139000.0,183153.4
H068,2939.0,673000.0,656729.93
H069,1301.0,296000.0,284504.24
H070,2785.0,641000.0,621734.36
H071,1762.0,465000.0,389263.73
H072,1275.0,278000.0,278595.89
H073,905.0,70000.0,194515.61
H074,3008.0,681000.0,672409.77
H075,2366.0,582000.0,526519.11
H076,2026.0,344000.0,449256.15
H077,2263.0,526000.0,503112.98
H078,1715.0,408000.0,378583.26
H079,2376.0,633000.0,528791.55
H080,1568.0,374000.0,345178.39
H081,1274.0,281000.0,278368.65
H082,1699.0,374000.0,374947.35
H083,3020.0,678000.0,675136.7
H084,3075.0,717000.0,687635.12
H085,2968.0,664000.0,663320.01
H086,2047.0,418000.0,454028.27
H087,2533.0,557000.0,564468.86
H088,2854.0,592000.0,637414.19
H089,1655.0,334000.0,364948.62
H090,2202.0,438000.0,489251.09
H091,2103.0,463000.0,466753.94
H092,691.0,94000.0,145885.39
H093,1634.0,305000.0,360176.49
H094,2306.0,519000.0,512884.47
H095,2904.0,682000.0,648776.39
H096,1438.0,306000.0,315636.67
H097,1536.0,328000.0,337906.58
H098,1581.0,438000.0,348132.56
H099,836.0,239000.0,178835.77
H100,700.0,170000.0,147930.58
H101,2606.0,555000.0,581057.68
H102,869.0,256000.0,186334.82
H103,2354.0,408000.0,523792.19
H104,1900.0,350000.0,420623.4
H105,1293.0,260000.0,282686.28
H106,3082.0,773000.0,689225.83
H107,2509.0,511000.0,559015.01
H108,1460.0,362000.0,320636.03
H109,1232.0,245000.0,268824.4
H110,2981.0,633000.0,666274.18
H111,1765.0,362000.0,389945.46
H112,3122.0,723000.0,698315.59
H113,734.0,190000.0,155656.88
H114,1393.0,318000.0,305410.69
H115,1078.0,143000.0,233828.82
H116,2903.0,718000.0,648549.15
H117,2305.0,551000.0,512657.23
H118,2691.0,648000.0,600373.42
H119,2635.0,502000.0,587647.75
H120,2912.0,587000.0,650594.35
H121,1280.0,250000.0,279732.11
H122,1648.0,398000.0,363357.91
H123,1209.0,285000.0,263597.79
H124,660.0,70000.0,138840.82
H125,2063.0,337000.0,457664.18
H126,2992.0,731000.0,668773.87
H127,2211.0,395000.0,491296.29
H128,2009.0,496000.0,445393.0
H129,1240.0,325000.0,270642.35
H130,2278.0,433000.0,506521.64
H131,2648.0,650000.0,590601.93
H132,1020.0,328000.0,220648.67
H133,768.0,175000.0,163383.18
H134,1650.0,461000.0,363812.4
H135,1636.0,389000.0,360630.98
H136,688.0,164000.0,145203.65
H137,1875.0,410000.0,414942.3
H138,2629.0,586000.0,586284.29
H139,1859.0,375000.0,411306.4
H140,3133.0,755000.0,700815.27
H141,1428.0,353000.0,313364.23
H142,2455.0,618000.0,546743.83
H143,2351.0,473000.0,523110.45
H144,1766.0,301000.0,390172.7
H145,2037.0,451000.0,451755.83
H146,2277.0,614000.0,506294.4
H147,2159.0,474000.0,479479.6
H148,3187.0,668000.0,713086.45
H149,2322.0,484000.0,516520.38
H150,1048.0,195000.0,227011.5
H151,2862.0,573000.0,639232.15
H152,1795.0,380000.0,396762.78
H153,2154.0,474000.0,478343.38
H154,1518.0,277000.0,333816.19
H155,931.0,128000.0,200423.95
H156,1785.0,440000.0,394490.34
H157,755.0,70000.0,160429.0
H158,714.0,133000.0,151112.0
H159,910.0,174000.0,195651.83
H160,1557.0,314000.0,342678.7
H161,2295.0,558000.0,510384.79
H162,980.0,241000.0,211558.91
H163,2896.0,600000.0,646958.44
H164,1056.0,201000.0,228829.45
H165,2507.0,551000.0,558560.52
H166,2183.0,541000.0,484933.46
H167,1045.0,219000.0,226329.77
H168,1150.0,265000.0,250190.39
H169,3109.0,768000.0,695361.42
H170,2625.0,614000.0,585375.31
H171,1791.0,281000.0,395853.8
H172,2930.0,696000.0,654684.74
H173,2087.0,478000.0,463118.03
H174,775.0,186000.0,164973.88
H175,1926.0,589000.0,426531.75
H176,984.0,180000.0,212467.88
H177,1532.0,304000.0,336997.6
H178,2643.0,654000.0,589465.71
H179,1487.0,303000.0,326771.62
H180,681.0,150000.0,143612.95
H181,2699.0,533000.0,602191.37
H182,2533.0,499000.0,564468.86
H183,1835.0,325000.0,405852.54
H184,2132.0,499000.0,473344.01
H185,972.0,274000.0,209740.95
H186,1117.0,246000.0,242691.34
H187,1071.0,194000.0,232238.11
H188,1375.0,241000.0,301320.29
H189,1973.0,421000.0,437212.22
H190,1775.0,372000.0,392217.9
H191,883.0,152000.0,189516.24
H192,2726.0,595000.0,608326.96
H193,2991.0,586000.0,668546.62
H194,2056.0,494000.0,456073.47
H195,2791.0,578000.0,623097.82
H196,2035.0,437000.0,451301.34
H197,1813.0,508000.0,400853.17
H198,1920.0,462000.0,425168.28
H199,1995.0,401000.0,442211.58
H200,1388.0,307000.0,304274.47
