area_sqft,actual_price_usd
1438.0,306000.0
910.0,243000.0
958.0,262000.0
910.0,174000.0
1240.0,325000.0
2903.0,718000.0
2785.0,641000.0
1791.0,281000.0
1926.0,589000.0
664.0,154000.0
855.0,139000.0
1835.0,325000.0
2183.0,541000.0
2376.0,633000.0
1071.0,194000.0
2643.0,654000.0
2436.0,560000.0
2154.0,474000.0
3020.0,678000.0
1301.0,296000.0
2063.0,337000.0
1119.0,273000.0
2322.0,484000.0
2306.0,519000.0
1086.0,210000.0
2410.0,496000.0
2968.0,664000.0
2939.0,673000.0
2992.0,731000.0
768.0,175000.0
1652.0,333000.0
1276.0,288000.0
1934.0,386000.0
2026.0,344000.0
2862.0,573000.0
1293.0,260000.0
688.0,164000.0
2629.0,586000.0
2507.0,551000.0
2263.0,526000.0
1568.0,374000.0
1920.0,462000.0
1718.0,369000.0
1552.0,341000.0
1209.0,285000.0
2035.0,437000.0
1429.0,407000.0
1977.0,468000.0
1766.0,301000.0
2533.0,557000.0
1078.0,143000.0
775.0,186000.0
827.0,186000.0
2211.0,395000.0
2691.0,648000.0
3008.0,681000.0
1428.0,353000.0
836.0,239000.0
2087.0,478000.0
1536.0,328000.0
2625.0,614000.0
1581.0,438000.0
1618.0,346000.0
1235.0,299000.0
2825.0,693000.0
2912.0,587000.0
682.0,154000.0
1775.0,372000.0
2103.0,463000.0
1875.0,410000.0
808.0,146000.0
2009.0,496000.0
2896.0,600000.0
1817.0,303000.0
2635.0,502000.0
1393.0,318000.0
2988.0,645000.0
3133.0,755000.0
2606.0,555000.0
3122.0,723000.0
3115.0,587000.0
1715.0,408000.0
2401.0,594000.0
1375.0,241000.0
2726.0,595000.0
2047.0,418000.0
980.0,241000.0
928.0,222000.0
883.0,152000.0
1345.0,221000.0
1473.0,302000.0
2455.0,618000.0
869.0,256000.0
2926.0,653000.0
921.0,127000.0
2791.0,578000.0
1557.0,314000.0
2131.0,550000.0
2415.0,614000.0
1280.0,250000.0
1029.0,257000.0
2202.0,412000.0
2351.0,473000.0
2277.0,614000.0
2981.0,633000.0
2037.0,451000.0
1549.0,323000.0
1612.0,465000.0
734.0,190000.0
2159.0,474000.0
1045.0,219000.0
1106.0,332000.0
1995.0,401000.0
1518.0,277000.0
1762.0,465000.0
660.0,70000.0
2222.0,610000.0
1731.0,447000.0
1056.0,201000.0
1053.0,202000.0
950.0,188000.0
1232.0,245000.0
1785.0,440000.0
755.0,70000.0
2755.0,585000.0
1665.0,484000.0
972.0,274000.0
3187.0,668000.0
1699.0,374000.0
1878.0,451000.0
3109.0,768000.0
797.0,220000.0
2904.0,682000.0
931.0,128000.0
1286.0,250000.0
1859.0,375000.0
676.0,124000.0
3082.0,773000.0
1793.0,454000.0
1650.0,461000.0
2699.0,533000.0
1487.0,303000.0
1117.0,246000.0
2314.0,459000.0
1274.0,281000.0
2870.0,669000.0
1603.0,385000.0
1765.0,362000.0
691.0,94000.0
3075.0,717000.0
1532.0,304000.0
2533.0,499000.0
2202.0,438000.0
2105.0,434000.0
3044.0,644000.0
1362.0,217000.0
2930.0,696000.0
1020.0,328000.0
1728.0,307000.0
905.0,70000.0
